Vivek Srivardhan,viveksrivardhan
Sanket Shirolkar,sanketshirolkar
Ayush Vashisht,Ayush-journey
Nagappan S,nagappan03
Harshit Yadav,yadavhrsit
Abhishek Karmakar,alienkarma
Yash Salvi,yashsalvi09
Sanjana K R,sanjana-cell
Abhishek Anand,sharpviking
Pradeep Kumar,pradeep-cktd
Sukanya Kumar,rudrawalambi-sukanya
Alok Chauhan,aloksam11